﻿<?xml version="1.0" encoding="utf-8"?>
<deployment>
  <id>1bb6f784-6ec8-43f3-b802-23feb3bc62a9</id>
  <author>N/A</author>
  <deployer>OneDeploy</deployer>
  <authorEmail>N/A</authorEmail>
  <message>OneDeploy</message>
  <progress></progress>
  <status>Failed</status>
  <statusText></statusText>
  <lastSuccessEndTime />
  <receivedTime>2025-06-22T19:14:56.1317966Z</receivedTime>
  <startTime>2025-06-22T19:14:57.3934803Z</startTime>
  <endTime>2025-06-22T19:15:12.2485185Z</endTime>
  <complete>True</complete>
  <is_temp>False</is_temp>
  <is_readonly>True</is_readonly>
  <buildSummary>
    <error>
      <message>[19:15:06+0000] Collecting fastapi==0.104.1 (from -r requirements.txt (line 2))
[19:15:06+0000]   Using cached fastapi-0.104.1-py3-none-any.whl.metadata (24 kB)
[19:15:06+0000] Collecting uvicorn==0.24.0 (from uvicorn[standard]==0.24.0-&gt;-r requirements.txt (line 3))
[19:15:06+0000]   Using cached uvicorn-0.24.0-py3-none-any.whl.metadata (6.4 kB)
[19:15:06+0000] Collecting python-multipart==0.0.6 (from -r requirements.txt (line 4))
[19:15:06+0000]   Using cached python_multipart-0.0.6-py3-none-any.whl.metadata (2.5 kB)
[19:15:06+0000] Collecting python-docx==0.8.11 (from -r requirements.txt (line 7))
[19:15:06+0000]   Using cached python-docx-0.8.11.tar.gz (5.6 MB)
[19:15:06+0000]   Installing build dependencies: started
[19:15:08+0000]   Installing build dependencies: finished with status 'done'
[19:15:08+0000]   Getting requirements to build wheel: started
[19:15:08+0000]   Getting requirements to build wheel: finished with status 'done'
[19:15:08+0000]   Preparing metadata (pyproject.toml): started
[19:15:08+0000]   Preparing metadata (pyproject.toml): finished with status 'done'
[19:15:08+0000] Collecting PyPDF2==3.0.1 (from -r requirements.txt (line 8))
[19:15:08+0000]   Using cached pypdf2-3.0.1-py3-none-any.whl.metadata (6.8 kB)
[19:15:08+0000] Collecting pypdf==3.17.4 (from -r requirements.txt (line 9))
[19:15:08+0000]   Using cached pypdf-3.17.4-py3-none-any.whl.metadata (7.5 kB)
[19:15:09+0000] Collecting Pillow==10.1.0 (from -r requirements.txt (line 12))
[19:15:09+0000]   Using cached Pillow-10.1.0-cp312-cp312-manylinux_2_28_x86_64.whl.metadata (9.5 kB)
[19:15:09+0000] Collecting httpx==0.25.2 (from -r requirements.txt (line 15))
[19:15:09+0000]   Using cached httpx-0.25.2-py3-none-any.whl.metadata (6.9 kB)
[19:15:09+0000] Collecting requests==2.31.0 (from -r requirements.txt (line 16))
[19:15:09+0000]   Using cached requests-2.31.0-py3-none-any.whl.metadata (4.6 kB)
[19:15:09+0000] Collecting openai==1.3.7 (from -r requirements.txt (line 19))
[19:15:09+0000]   Using cached openai-1.3.7-py3-none-any.whl.metadata (17 kB)
[19:15:09+0000] Collecting pydantic==2.5.0 (from -r requirements.txt (line 22))
[19:15:09+0000]   Using cached pydantic-2.5.0-py3-none-any.whl.metadata (174 kB)
[19:15:09+0000] Collecting python-dotenv==1.0.0 (from -r requirements.txt (line 23))
[19:15:09+0000]   Using cached python_dotenv-1.0.0-py3-none-any.whl.metadata (21 kB)
[19:15:09+0000] Collecting structlog==23.2.0 (from -r requirements.txt (line 26))
[19:15:09+0000]   Using cached structlog-23.2.0-py3-none-any.whl.metadata (7.6 kB)
[19:15:09+0000] Collecting filetype==1.2.0 (from -r requirements.txt (line 29))
[19:15:09+0000]   Using cached filetype-1.2.0-py2.py3-none-any.whl.metadata (6.5 kB)
[19:15:09+0000] Collecting python-magic==0.4.27 (from -r requirements.txt (line 30))
[19:15:09+0000]   Using cached python_magic-0.4.27-py2.py3-none-any.whl.metadata (5.8 kB)
ERROR: Could not find a version that satisfies the requirement python-magic-bin==0.4.14 (from versions: none)

[notice] A new release of pip is available: 25.0.1 -&gt; 25.1.1
[notice] To update, run: pip install --upgrade pip
ERROR: No matching distribution found for python-magic-bin==0.4.14 </message>
      <timestamp>2025-06-22 19:15:09</timestamp>
      <exitCode>1</exitCode>
      <recommendation>Please review your requirements.txt</recommendation>
      <urlToGetMoreInformation>https://aka.ms/troubleshoot-python</urlToGetMoreInformation>
    </error>
  </buildSummary>
</deployment>