<step title="Incoming Request" date="2025-06-22T19:12:20.797" instance="a586ed" url="/api/deployments/latest" method="GET" type="request" pid="768,1,15" Accept="*/*" Host="docu-extract-mvp-app.scm.azurewebsites.net" User-Agent="AZURECLI/2.74.0 (MSI)" Accept-Encoding="gzip, deflate" Authorization="Bas..." x-ms-client-request-id="cbd09a8d-4f9c-11f0-847c-2c3358529f7b" X-ARR-LOG-ID="cbd09a8d-4f9c-11f0-847c-2c3358529f7b" CLIENT-IP="203.30.15.73:54339" X-SITE-DEPLOYMENT-ID="docu-extract-mvp-app" WAS-DEFAULT-HOSTNAME="docu-extract-mvp-app.scm.azurewebsites.net" X-Forwarded-Proto="https" X-AppService-Proto="https" X-Forwarded-TlsVersion="1.3" X-WAWS-Unencoded-URL="/api/deployments/latest" X-Client-IP="203.30.15.73" X-Client-Port="54339" >
  <step title="Cleanup Xml Logs" date="2025-06-22T19:12:20.802" /><!-- duration: 8ms -->
  <step title="DeploymentService.GetResult" date="2025-06-22T19:12:20.845" >
    <step title="DeploymentService.GetLatestDeployment" date="2025-06-22T19:12:20.848" >
      <step title="DeploymentManager.GetResults" date="2025-06-22T19:12:20.852" /><!-- duration: 119ms -->
      <step title="Deployment temp-ec737c13 is Pending" date="2025-06-22T19:12:20.974" /><!-- duration: 4ms -->
    </step><!-- duration: 136ms -->
  </step><!-- duration: 143ms -->
  <step title="Outgoing response" date="2025-06-22T19:12:20.994" type="response" statusCode="202" statusText="Accepted" /><!-- duration: 4ms -->
</step><!-- duration: 217ms -->
