<step title="Incoming Request" date="2025-06-22T19:12:16.476" instance="a586ed" url="/api/zipdeploy?isAsync=true" method="POST" type="request" pid="768,1,16" Accept="*/*" Host="docu-extract-mvp-app.scm.azurewebsites.net" User-Agent="AZURECLI/2.74.0 (MSI)" Accept-Encoding="gzip, deflate" Authorization="Bas..." Cache-Control="no-cache" Content-Type="application/octet-stream" Cookie="ARRAffinity=a586ed7716787086dca0046c348889b10d5f42bbcef667e53a6ddb57879398c1; ARRAffinitySameSite=a586ed7716787086dca0046c348889b10d5f42bbcef667e53a6ddb57879398c1" Content-Length="4762209" x-ms-client-request-id="cbd09a8d-4f9c-11f0-847c-2c3358529f7b" x-ms-artifact-checksum="770113b9792fcab898261ca5c23e601b40c65ea62090d5e04cc9aae772f08abc" X-ARR-LOG-ID="cbd09a8d-4f9c-11f0-847c-2c3358529f7b" CLIENT-IP="203.30.15.73:54333" X-SITE-DEPLOYMENT-ID="docu-extract-mvp-app" WAS-DEFAULT-HOSTNAME="docu-extract-mvp-app.scm.azurewebsites.net" X-Forwarded-Proto="https" X-AppService-Proto="https" X-Forwarded-TlsVersion="1.3" X-WAWS-Unencoded-URL="/api/zipdeploy?isAsync=true" X-Client-IP="203.30.15.73" X-Client-Port="54333" >
  <step title="ZipPushDeploy" date="2025-06-22T19:12:16.503" >
    <step title="ZipDeploy. Extract zip. Remote build." date="2025-06-22T19:12:16.517" /><!-- duration: 4ms -->
    <step title="None repository commit" date="2025-06-22T19:12:16.530" >
      <step title="Commit id: f998b642-3035-4f79-a2dd-e1805ef70c69" date="2025-06-22T19:12:16.533" Message="N/A" AuthorName="N/A" AuthorEmail="N/A" /><!-- duration: 3ms -->
    </step><!-- duration: 10ms -->
    <step title="Starting PushDeployAsync" date="2025-06-22T19:12:16.543" /><!-- duration: 3ms -->
    <step title="Writing artifact to /tmp/zipdeploy/cdbcac9a-7036-48ae-9329-24837888fb6c.zip" date="2025-06-22T19:12:16.558" >
      <step title="Writing multipart request body to /tmp/zipdeploy/cdbcac9a-7036-48ae-9329-24837888fb6c.zip" date="2025-06-22T19:12:16.562" /><!-- duration: 4ms -->
    </step><!-- duration: 824ms -->
    <step title="Start deployment in the background" date="2025-06-22T19:12:17.399" >
      <step title="Acquiring Deployment Lock" date="2025-06-22T19:12:17.437" /><!-- duration: 4ms -->
      <step title="Acquired Deployment Lock" date="2025-06-22T19:12:17.469" /><!-- duration: 4ms -->
    </step><!-- duration: 142ms -->
  </step><!-- duration: 1044ms -->
  <step title="Outgoing response" date="2025-06-22T19:12:17.553" type="response" statusCode="202" statusText="Accepted" /><!-- duration: 5ms -->
</step><!-- duration: 1085ms -->
