<step title="Incoming Request" date="2025-06-22T19:04:30.138" instance="a586ed" url="/api/zipdeploy?isAsync=true" method="POST" type="request" pid="768,1,5" Accept="*/*" Host="docu-extract-mvp-app.scm.azurewebsites.net" User-Agent="AZURECLI/2.74.0 (MSI)" Accept-Encoding="gzip, deflate" Authorization="Bas..." Cache-Control="no-cache" Content-Type="application/octet-stream" Cookie="ARRAffinity=a586ed7716787086dca0046c348889b10d5f42bbcef667e53a6ddb57879398c1; ARRAffinitySameSite=a586ed7716787086dca0046c348889b10d5f42bbcef667e53a6ddb57879398c1" Content-Length="4762209" x-ms-client-request-id="a6f16411-4f9b-11f0-9cdc-2c3358529f7b" x-ms-artifact-checksum="770113b9792fcab898261ca5c23e601b40c65ea62090d5e04cc9aae772f08abc" X-ARR-LOG-ID="a6f16411-4f9b-11f0-9cdc-2c3358529f7b" CLIENT-IP="203.30.15.73:54289" X-SITE-DEPLOYMENT-ID="docu-extract-mvp-app" WAS-DEFAULT-HOSTNAME="docu-extract-mvp-app.scm.azurewebsites.net" X-Forwarded-Proto="https" X-AppService-Proto="https" X-Forwarded-TlsVersion="1.3" X-WAWS-Unencoded-URL="/api/zipdeploy?isAsync=true" X-Client-IP="203.30.15.73" X-Client-Port="54289" >
  <step title="ZipPushDeploy" date="2025-06-22T19:04:30.187" >
    <step title="ZipDeploy. Extract zip. Remote build." date="2025-06-22T19:04:30.199" /><!-- duration: 4ms -->
    <step title="None repository commit" date="2025-06-22T19:04:30.210" >
      <step title="Commit id: 6e62bb4f-3ee1-4bfd-b6df-f66def9bb6d3" date="2025-06-22T19:04:30.214" Message="N/A" AuthorName="N/A" AuthorEmail="N/A" /><!-- duration: 4ms -->
    </step><!-- duration: 12ms -->
    <step title="Starting PushDeployAsync" date="2025-06-22T19:04:30.227" /><!-- duration: 7ms -->
    <step title="Writing artifact to /tmp/zipdeploy/e7204d7a-66cb-4567-ba4f-66143eb86656.zip" date="2025-06-22T19:04:30.249" >
      <step title="Writing multipart request body to /tmp/zipdeploy/e7204d7a-66cb-4567-ba4f-66143eb86656.zip" date="2025-06-22T19:04:30.254" /><!-- duration: 4ms -->
    </step><!-- duration: 758ms -->
    <step title="Start deployment in the background" date="2025-06-22T19:04:31.022" >
      <step title="Acquiring Deployment Lock" date="2025-06-22T19:04:31.041" /><!-- duration: 3ms -->
      <step title="Acquired Deployment Lock" date="2025-06-22T19:04:31.102" /><!-- duration: 4ms -->
    </step><!-- duration: 164ms -->
  </step><!-- duration: 1006ms -->
  <step title="Outgoing response" date="2025-06-22T19:04:31.201" type="response" statusCode="202" statusText="Accepted" /><!-- duration: 4ms -->
</step><!-- duration: 1070ms -->
